,In,Conversion,,Prod. Factor,n,,CH4,MEOH,C2,C2-O,C3,C3-O,C4,C4-IP,C4-O,C5,C5-IP,C5-O,C5-N,C6-IP,C6,C6-O,C6-A,C6-N,C7,C7-IP,C7-O,C7-A,C7-N,C8,C8-IP,C8-O,C8-N,C8-A,C9,C9-IP,C9-O,C9-N,C9-A,C10,C10-IP,C10-O,C10-N,C10-A,C11,C11-IP,C11-A,C11-O,C12-IP,C12,C12-O,C12-A,C12-N,C13-IP,C13-O,C13,C14-IP, C14 ,C15-IP ,C15,C16-IP,C16,C17-IP,C17,C18,C19,C20,C21,C22,C23,C24,C25,C26,C27,C28,C29,C30,C31,C32,C33,C34,C35,C36,C37,C38,C39,C40,C41,C42,C43,C44,C45,C46,C48,C50,C51,C52,C54,Out,,,
k,=+Inlet!D6,0,,=B2,1,CH4,=(1-$C2)*$B2,,,,,,,,,,,,,,,,,,,,,,,,,,,,,,,,,,,,,,,,,,,,,,,,,,,,,,,,,,,,,,,,,,,,,,,,,,,,,,,,,,,,,,,,,,,,=TRANSPOSE(H96:CU96),CH4,,0
0.4,=+Inlet!D7,0,,=B3,1,MEOH,,=(1-$C3)*$B3,,,,,,,,,,,,,,,,,,,,,,,,,,,,,,,,,,,,,,,,,,,,,,,,,,,,,,,,,,,,,,,,,,,,,,,,,,,,,,,,,,,,,,,,,,,=TRANSPOSE(H96:CU96),MEOH,,0
,=+Inlet!D8,0,,=B4,2,C2,,,=(1-$C4)*$B4,,,,,,,,,,,,,,,,,,,,,,,,,,,,,,,,,,,,,,,,,,,,,,,,,,,,,,,,,,,,,,,,,,,,,,,,,,,,,,,,,,,,,,,,,,=TRANSPOSE(H96:CU96),C2,,0
,=+Inlet!D9,0,,=B5,2,C2-O,,,,=(1-$C5)*$B5,,,,,,,,,,,,,,,,,,,,,,,,,,,,,,,,,,,,,,,,,,,,,,,,,,,,,,,,,,,,,,,,,,,,,,,,,,,,,,,,,,,,,,,,,=TRANSPOSE(H96:CU96),C2-O,,0
,=+Inlet!D10,0,,=B6,3,C3,,,,,=(1-$C6)*$B6,,,,,,,,,,,,,,,,,,,,,,,,,,,,,,,,,,,,,,,,,,,,,,,,,,,,,,,,,,,,,,,,,,,,,,,,,,,,,,,,,,,,,,,,=TRANSPOSE(H96:CU96),C3,,0
,=+Inlet!D11,0,,=B7,3,C3-O,,,,,,=(1-$C7)*$B7,,,,,,,,,,,,,,,,,,,,,,,,,,,,,,,,,,,,,,,,,,,,,,,,,,,,,,,,,,,,,,,,,,,,,,,,,,,,,,,,,,,,,,,=TRANSPOSE(H96:CU96),C3-O,,0
,=+Inlet!D12,0,,=B8,4,C4,,,,,,,=(1-$C8)*$B8,,,,,,,,,,,,,,,,,,,,,,,,,,,,,,,,,,,,,,,,,,,,,,,,,,,,,,,,,,,,,,,,,,,,,,,,,,,,,,,,,,,,,,=TRANSPOSE(H96:CU96),C4,,0
,=+Inlet!D13,0,,=B9,4,C4-IP,,,,,,,,=(1-$C9)*$B9,,,,,,,,,,,,,,,,,,,,,,,,,,,,,,,,,,,,,,,,,,,,,,,,,,,,,,,,,,,,,,,,,,,,,,,,,,,,,,,,,,,,,=TRANSPOSE(H96:CU96),C4-IP,,0
,=+Inlet!D14,0,,=B10,4,C4-O,,,,,,,,,=(1-$C10)*$B10,,,,,,,,,,,,,,,,,,,,,,,,,,,,,,,,,,,,,,,,,,,,,,,,,,,,,,,,,,,,,,,,,,,,,,,,,,,,,,,,,,,,=TRANSPOSE(H96:CU96),C4-O,,0
,=+Inlet!D15,0,,=B11,5,C5,,,,,,,,,,=(1-$C11)*$B11,,,,,,,,,,,,,,,,,,,,,,,,,,,,,,,,,,,,,,,,,,,,,,,,,,,,,,,,,,,,,,,,,,,,,,,,,,,,,,,,,,,=TRANSPOSE(H96:CU96),C5,,0
,=+Inlet!D16,0,,=B12,5,C5-IP,,,,,,,,,,,=(1-$C12)*$B12,,,,,,,,,,,,,,,,,,,,,,,,,,,,,,,,,,,,,,,,,,,,,,,,,,,,,,,,,,,,,,,,,,,,,,,,,,,,,,,,,,=TRANSPOSE(H96:CU96),,,0
,=+Inlet!D17,0,,=B13,5,C5-O,,,,,,,,,,,,=(1-$C13)*$B13,,,,,,,,,,,,,,,,,,,,,,,,,,,,,,,,,,,,,,,,,,,,,,,,,,,,,,,,,,,,,,,,,,,,,,,,,,,,,,,,,=TRANSPOSE(H96:CU96),C5-O,,0
,=+Inlet!D18,0,,=B14,5,C5-N,,,,,,,,,,,,,=(1-$C14)*$B14,,,,,,,,,,,,,,,,,,,,,,,,,,,,,,,,,,,,,,,,,,,,,,,,,,,,,,,,,,,,,,,,,,,,,,,,,,,,,,,,=TRANSPOSE(H96:CU96),,,0
,=+Inlet!D19,0,,=B15,6,C6-IP,,,,,,,,,,,,,,=(1-$C15)*$B15,,,,,,,,,,,,,,,,,,,,,,,,,,,,,,,,,,,,,,,,,,,,,,,,,,,,,,,,,,,,,,,,,,,,,,,,,,,,,,,=TRANSPOSE(H96:CU96),C6-IP,,0
,=+Inlet!D20,0,,=B16,6,C6,,,,,,,,,,,,,,,=(1-$C16)*$B16,,,,,,,,,,,,,,,,,,,,,,,,,,,,,,,,,,,,,,,,,,,,,,,,,,,,,,,,,,,,,,,,,,,,,,,,,,,,,,=TRANSPOSE(H96:CU96),C6,,0
,=+Inlet!D21,0,,=B17,6,C6-O,,,,,,,,,,,,,,,,=(1-$C17)*$B17,,,,,,,,,,,,,,,,,,,,,,,,,,,,,,,,,,,,,,,,,,,,,,,,,,,,,,,,,,,,,,,,,,,,,,,,,,,,,=TRANSPOSE(H96:CU96),C6-O,,=SUM(L17:S17)/2
,=+Inlet!D22,0,,=B18,6,C6-A,,,,,,,,,,,,,,,,,=(1-$C18)*$B18,,,,,,,,,,,,,,,,,,,,,,,,,,,,,,,,,,,,,,,,,,,,,,,,,,,,,,,,,,,,,,,,,,,,,,,,,,,,=TRANSPOSE(H96:CU96),,,=SUM(L18:S18)/2
,=+Inlet!D23,0,,=B19,6,C6-N,,,,,,,,,,,,,,,,,,=(1-$C19)*$B19,,,,,,,,,,,,,,,,,,,,,,,,,,,,,,,,,,,,,,,,,,,,,,,,,,,,,,,,,,,,,,,,,,,,,,,,,,,=TRANSPOSE(H96:CU96),,,=SUM(L19:S19)/2
,=+Inlet!D24,=(EXP($A$3*(F20-7))-1)/(EXP($A$3*(18-7))-1),=1/(F20-6)*C20,=B20,7,C7,,,,,,,,,,,,,,,,,,,=(1-$C20)*$B20,,,,,,,,,,,,,,,,,,,,,,,,,,,,,,,,,,,,,,,,,,,,,,,,,,,,,,,,,,,,,,,,,,,,,,,,,,=TRANSPOSE(H96:CU96),C7,,=SUM(L20:S20)/2
,=+Inlet!D25,=(EXP($A$3*(F21-7))-1)/(EXP($A$3*(18-7))-1),=1/(F21-6)*C21,=B21,7,C7-IP,,,,,,,,,,,,,,,,,,,,=(1-$C21)*$B21,,,,,,,,,,,,,,,,,,,,,,,,,,,,,,,,,,,,,,,,,,,,,,,,,,,,,,,,,,,,,,,,,,,,,,,,,=TRANSPOSE(H96:CU96),C7-IP,,=SUM(L21:S21)/2
,=+Inlet!D26,=(EXP($A$3*(F22-7))-1)/(EXP($A$3*(18-7))-1),=1/(F22-6)*C22,=B22,7,C7-O,,,,,,,,,,,,,,,,,,,,,=(1-$C22)*$B22,,,,,,,,,,,,,,,,,,,,,,,,,,,,,,,,,,,,,,,,,,,,,,,,,,,,,,,,,,,,,,,,,,,,,,,,=TRANSPOSE(H96:CU96),C7-O,,=SUM(L22:S22)/2
,=+Inlet!D27,=(EXP($A$3*(F23-7))-1)/(EXP($A$3*(18-7))-1),=1/(F23-6)*C23,=B23,7,C7-A,,,,,,,,,,,,,,,,,,,,,,=(1-$C23)*$B23,,,,,,,,,,,,,,,,,,,,,,,,,,,,,,,,,,,,,,,,,,,,,,,,,,,,,,,,,,,,,,,,,,,,,,,=TRANSPOSE(H96:CU96),C7-A,,=SUM(L23:S23)/2
,=+Inlet!D28,=(EXP($A$3*(F24-7))-1)/(EXP($A$3*(18-7))-1),=1/(F24-6)*C24,=B24,7,C7-N,,,,,,,,,,,,,,,,,,,,,,,=(1-$C24)*$B24,,,,,,,,,,,,,,,,,,,,,,,,,,,,,,,,,,,,,,,,,,,,,,,,,,,,,,,,,,,,,,,,,,,,,,=TRANSPOSE(H96:CU96),,,=SUM(L24:S24)/2
,=+Inlet!D29,=(EXP($A$3*(F25-7))-1)/(EXP($A$3*(18-7))-1),=1/(F25-6)*C25,=1/(F25-6)*C25*B25,8,C8,,,,,=+E25,,=B2,,,=+E25,,,,,,,,,,,,,,=(1-$C25)*$B25,,,,,,,,,,,,,,,,,,,,,,,,,,,,,,,,,,,,,,,,,,,,,,,,,,,,,,,,,,,,,,,,,,,,,=TRANSPOSE(H96:CU96),C8,,=SUM(L25:S25)/2
,=+Inlet!D30,=(EXP($A$3*(F26-7))-1)/(EXP($A$3*(18-7))-1),=1/(F26-6)*C26,=1/(F26-6)*C26*B26,8,C8-IP,,,,,=+E26,,,=+E26*2,,=+E26,,,,,,,,,,,,,,,=(1-$C26)*$B26,,,,,,,,,,,,,,,,,,,,,,,,,,,,,,,,,,,,,,,,,,,,,,,,,,,,,,,,,,,,,,,,,,,,=TRANSPOSE(H96:CU96),C8-IP,,=SUM(L26:AA26)/2
,=+Inlet!D31,=(EXP($A$3*(F27-7))-1)/(EXP($A$3*(18-7))-1),=1/(F27-6)*C27,=1/(F27-6)*C27*B27,8,C8-O,,,,,,=+E27,=+E27*2,,,=+E27,,,,,,,,,,,,,,,,=(1-$C27)*$B27,,,,,,,,,,,,,,,,,,,,,,,,,,,,,,,,,,,,,,,,,,,,,,,,,,,,,,,,,,,,,,,,,,,=TRANSPOSE(H96:CU96),C8-O,,=SUM(L27:AA27)/2
,=+Inlet!D32,0,=1/(F28-6)*C28,=1/(F28-6)*C28*B28,8,C8-N,,,,,,,,,,,,,,,,,,,,,,,,,,,=(1-$C28)*$B28,,,,,,,,,,,,,,,,,,,,,,,,,,,,,,,,,,,,,,,,,,,,,,,,,,,,,,,,,,,,,,,,,,=TRANSPOSE(H96:CU96),C8-N,,=SUM(L28:AA28)/2
,=+Inlet!D33,0,=1/(F29-6)*C29,=1/(F29-6)*C29*B29,8,C8-A,,,,,,,,,,,,,,,,,,,,,,,,,,,,=(1-$C29)*$B29,,,,,,,,,,,,,,,,,,,,,,,,,,,,,,,,,,,,,,,,,,,,,,,,,,,,,,,,,,,,,,,,,=TRANSPOSE(H96:CU96),C8-A,,=SUM(L29:AA29)/2
,=+Inlet!D34,=(EXP($A$3*(F30-7))-1)/(EXP($A$3*(18-7))-1),=1/(F30-6)*C30,=1/(F30-6)*C30*B30,9,C9,,,,,=+E30,,=+E30*2,,,=+E30*2,,,,,=+E30,,,,,,,,,,,,,,=(1-$C30)*$B30,,,,,,,,,,,,,,,,,,,,,,,,,,,,,,,,,,,,,,,,,,,,,,,,,,,,,,,,,,,,,,,,=TRANSPOSE(H96:CU96),C9,,=SUM(L30:AA30)/2
,=+Inlet!D35,=(EXP($A$3*(F31-7))-1)/(EXP($A$3*(18-7))-1),=1/(F31-6)*C31,=1/(F31-6)*C31*B31,9,C9-IP,,,,,=+E31,,,=+E31*2,,=+E31*2,,,,,=+E31,,,,,,,,,,,,,,,=(1-$C31)*$B31,,,,,,,,,,,,,,,,,,,,,,,,,,,,,,,,,,,,,,,,,,,,,,,,,,,,,,,,,,,,,,,=TRANSPOSE(H96:CU96),C9-IP,,=SUM(L31:AA31)/2
,=+Inlet!D36,=(EXP($A$3*(F32-7))-1)/(EXP($A$3*(18-7))-1),=1/(F32-6)*C32,=1/(F32-6)*C32*B32,9,C9-O,,,,,,=+E32,=+E32*2,,,=+E32*2,,,,,=+E32,,,,,,,,,,,,,,,,=(1-$C32)*$B32,,,,,,,,,,,,,,,,,,,,,,,,,,,,,,,,,,,,,,,,,,,,,,,,,,,,,,,,,,,,,,=TRANSPOSE(H96:CU96),C9-O,,=SUM(L32:AA32)/2
,=+Inlet!D37,0,=1/(F33-6)*C33,=1/(F33-6)*C33*B33,9,C9-N,,,,,,,,,,,,,,,,,,,,,,,,,,,,,,,,=(1-$C33)*$B33,,,,,,,,,,,,,,,,,,,,,,,,,,,,,,,,,,,,,,,,,,,,,,,,,,,,,,,,,,,,,=TRANSPOSE(H96:CU96),C9-N,,=SUM(L33:AA33)/2
,=+Inlet!D38,0,=1/(F34-6)*C34,=1/(F34-6)*C34*B34,9,C9-A,,,,,,,,,,,,,,,,,,,,,,,,,,,,,,,,,=(1-$C34)*$B34,,,,,,,,,,,,,,,,,,,,,,,,,,,,,,,,,,,,,,,,,,,,,,,,,,,,,,,,,,,,=TRANSPOSE(H96:CU96),C9-A,,=SUM(L34:AA34)/2
,=+Inlet!D39,=(EXP($A$3*(F35-7))-1)/(EXP($A$3*(18-7))-1),=1/(F35-6)*C35,=1/(F35-6)*C35*B35,10,C10,,,,,=+E35,,=+E35*2,,,=+E35*2,,,,,=+E35*2,,,,=+E35,,,,,,,,,,,,,,,=(1-$C35)*$B35,,,,,,,,,,,,,,,,,,,,,,,,,,,,,,,,,,,,,,,,,,,,,,,,,,,,,,,,,,,=TRANSPOSE(H96:CU96),C10,,=SUM(L35:AA35)/2
,=+Inlet!D40,=(EXP($A$3*(F36-7))-1)/(EXP($A$3*(18-7))-1),=1/(F36-6)*C36,=1/(F36-6)*C36*B36,10,C10-IP,,,,,=+E36,,,=+E36*2,,=+E36*2,,,,,=+E36*2,,,,=+E36,,,,,,,,,,,,,,,,=(1-$C36)*$B36,,,,,,,,,,,,,,,,,,,,,,,,,,,,,,,,,,,,,,,,,,,,,,,,,,,,,,,,,,=TRANSPOSE(H96:CU96),C10-IP,,=SUM(L36:AA36)/2
,=+Inlet!D41,=(EXP($A$3*(F37-7))-1)/(EXP($A$3*(18-7))-1),=1/(F37-6)*C37,=1/(F37-6)*C37*B37,10,C10-O,,,,,,=+E37,=+E37*2,,,=+E37*2,,,,,=+E37*2,,,,=+E37,,,,,,,,,,,,,,,,,=(1-$C37)*$B37,,,,,,,,,,,,,,,,,,,,,,,,,,,,,,,,,,,,,,,,,,,,,,,,,,,,,,,,,=TRANSPOSE(H96:CU96),C10-O,,=SUM(L37:AK37)/2
,=+Inlet!D42,0,=1/(F38-6)*C38,=1/(F38-6)*C38*B38,10,C10-N,,,,,,,,,,,,,,,,,,,,,,,,,,,,,,,,,,,,,=(1-$C38)*$B38,,,,,,,,,,,,,,,,,,,,,,,,,,,,,,,,,,,,,,,,,,,,,,,,,,,,,,,,=TRANSPOSE(H96:CU96),C10-N,,=SUM(L38:AK38)/2
,=+Inlet!D43,0,=1/(F39-6)*C39,=1/(F39-6)*C39*B39,10,C10-A,,,,,,,,,,,,,,,,,,,,,,,,,,,,,,,,,,,,,,=(1-$C39)*$B39,,,,,,,,,,,,,,,,,,,,,,,,,,,,,,,,,,,,,,,,,,,,,,,,,,,,,,,=TRANSPOSE(H96:CU96),C10-A,,=SUM(L39:AK39)/2
,=+Inlet!D44,=(EXP($A$3*(F40-7))-1)/(EXP($A$3*(18-7))-1),=1/(F40-6)*C40,=1/(F40-6)*C40*B40,11,C11,,,,,=+E40,,=+E40*2,,,=+E40*2,,,,,=+E40*2,,,,=+E40*2,,,,,=+E40,,,,,,,,,,,,,,,=(1-$C40)*$B40,,,,,,,,,,,,,,,,,,,,,,,,,,,,,,,,,,,,,,,,,,,,,,,,,,,,,,=TRANSPOSE(H96:CU96),C11,,=SUM(L40:AK40)/2
,=+Inlet!D45,=(EXP($A$3*(F41-7))-1)/(EXP($A$3*(18-7))-1),=1/(F41-6)*C41,=1/(F41-6)*C41*B41,11,C11-IP,,,,,=+E41,,,=+E41*2,,=+E41*2,,,,,=+E41*2,,,,=+E41*2,,,,,=+E41,,,,,,,,,,,,,,,,=(1-$C41)*$B41,,,,,,,,,,,,,,,,,,,,,,,,,,,,,,,,,,,,,,,,,,,,,,,,,,,,,=TRANSPOSE(H96:CU96),C11-IP,,=SUM(L41:AK41)/2
,=+Inlet!D46,0,=1/(F42-6)*C42,=1/(F42-6)*C42*B42,11,C11-A,,,,,,,,,,,,,,,,,,,,,,,,,,,,,,,,,,,,,,,,,=(1-$C42)*$B42,,,,,,,,,,,,,,,,,,,,,,,,,,,,,,,,,,,,,,,,,,,,,,,,,,,,=TRANSPOSE(H96:CU96),C11-A,,=SUM(L42:AK42)/2
,=+Inlet!D47,=(EXP($A$3*(F43-7))-1)/(EXP($A$3*(18-7))-1),=1/(F43-6)*C43,=1/(F43-6)*C43*B43,11,C11-O,,,,,,=+E43,,=+E43*2,,=+E43*2,,,,,=+E43*2,,,,=+E43*2,,,,,=+E43,,,,,,,,,,,,,,,,,,=(1-$C43)*$B43,,,,,,,,,,,,,,,,,,,,,,,,,,,,,,,,,,,,,,,,,,,,,,,,,,,=TRANSPOSE(H96:CU96),,,=SUM(L43:AK43)/2
,=+Inlet!D48,=(EXP($A$3*(F44-7))-1)/(EXP($A$3*(18-7))-1),=1/(F44-6)*C44,=1/(F44-6)*C44*B44,12,C12-IP,,,,,=+E44,,,=+E44*2,,=+E44*2,,,,,=+E44*2,,,,=+E44*2,,,,,=+E44*2,,,,,=+E44,,,,,,,,,,,,,,=(1-$C44)*$B44,,,,,,,,,,,,,,,,,,,,,,,,,,,,,,,,,,,,,,,,,,,,,,,,,,=TRANSPOSE(H96:CU96),C12-IP,,=SUM(L44:AK44)/2
,=+Inlet!D49,=(EXP($A$3*(F45-7))-1)/(EXP($A$3*(18-7))-1),=1/(F45-6)*C45,=1/(F45-6)*C45*B45,12,C12,,,,,=+E45,,=+E45*2,,,=+E45*2,,,,,=+E45*2,,,,=+E45*2,,,,,=+E45*2,,,,,=+E45,,,,,,,,,,,,,,,=(1-$C45)*$B45,,,,,,,,,,,,,,,,,,,,,,,,,,,,,,,,,,,,,,,,,,,,,,,,,=TRANSPOSE(H96:CU96),C12,,=SUM(L45:AX45)/2
,=+Inlet!D50,=(EXP($A$3*(F46-7))-1)/(EXP($A$3*(18-7))-1),=1/(F46-6)*C46,=1/(F46-6)*C46*B46,12,C12-O,,,,,,=+E46,=+E46*2,,,=+E46*2,,,,,=+E46*2,,,,=+E46*2,,,,,=+E46*2,,,,,=+E46,,,,,,,,,,,,,,,,=(1-$C46)*$B46,,,,,,,,,,,,,,,,,,,,,,,,,,,,,,,,,,,,,,,,,,,,,,,,=TRANSPOSE(H96:CU96),C12-O,,=SUM(L46:AX46)/2
,=+Inlet!D51,0,=1/(F47-6)*C47,=1/(F47-6)*C47*B47,12,C12-A,,,,,,,,,,,,,,,,,,,,,,,,,,,,,,,,,,,,,,,,,,,,,,=(1-$C47)*$B47,,,,,,,,,,,,,,,,,,,,,,,,,,,,,,,,,,,,,,,,,,,,,,,=TRANSPOSE(H96:CU96),C12-A,,=SUM(L47:AX47)/2
,=+Inlet!D52,0,=1/(F48-6)*C48,=1/(F48-6)*C48*B48,12,C12-N,,,,,,,,,,,,,,,,,,,,,,,,,,,,,,,,,,,,,,,,,,,,,,,=(1-$C48)*$B48,,,,,,,,,,,,,,,,,,,,,,,,,,,,,,,,,,,,,,,,,,,,,,=TRANSPOSE(H96:CU96),,,=SUM(L48:AX48)/2
,=+Inlet!D53,=(EXP($A$3*(F49-7))-1)/(EXP($A$3*(18-7))-1),=1/(F49-6)*C49,=1/(F49-6)*C49*B49,13,C13-IP,,,,,=+E49,,,=+E49*2,,=+E49*2,,,,,=+E49*2,,,,=+E49*2,,,,,=+E49*2,,,,,=+E49*2,,,,,=+E49,,,,,,,,,,,,,,=(1-$C49)*$B49,,,,,,,,,,,,,,,,,,,,,,,,,,,,,,,,,,,,,,,,,,,,,=TRANSPOSE(H96:CU96),C13-IP,,=SUM(L49:AX49)/2
,=+Inlet!D54,=(EXP($A$3*(F50-7))-1)/(EXP($A$3*(18-7))-1),=1/(F50-6)*C50,=1/(F50-6)*C50*B50,13,C13-O,,,,,,=+E50,=+E50*2,,,=+E50*2,,,,,=+E50*2,,,,=+E50*2,,,,,=+E50*2,,,,,=+E50*2,,,,,=+E50,,,,,,,,,,,,,,,=(1-$C50)*$B50,,,,,,,,,,,,,,,,,,,,,,,,,,,,,,,,,,,,,,,,,,,,=TRANSPOSE(H96:CU96),C13-O,,=SUM(L50:AX50)/2
,=+Inlet!D55,=(EXP($A$3*(F51-7))-1)/(EXP($A$3*(18-7))-1),=1/(F51-6)*C51,=1/(F51-6)*C51*B51,13,C13,,,,,=+E51,,=+E51*2,,,=+E51*2,,,,,=+E51*2,,,,=+E51*2,,,,,=+E51*2,,,,,=+E51*2,,,,,=+E51,,,,,,,,,,,,,,,,=(1-$C51)*$B51,,,,,,,,,,,,,,,,,,,,,,,,,,,,,,,,,,,,,,,,,,,=TRANSPOSE(H96:CU96),C13,,=SUM(L51:AX51)/2
,=+Inlet!D56,=(EXP($A$3*(F52-7))-1)/(EXP($A$3*(18-7))-1),=1/(F52-6)*C52,=1/(F52-6)*C52*B52,14,C14-IP,,,,,=+E52,,,=+E52*2,,=+E52*2,,,,,=+E52*2,,,,=+E52*2,,,,,=+E52*2,,,,,=+E52*2,,,,,=+E52*2,,,,,=+E52,,,,,,,,,,,,=(1-$C52)*$B52,,,,,,,,,,,,,,,,,,,,,,,,,,,,,,,,,,,,,,,,,,=TRANSPOSE(H96:CU96),C14-IP,,=SUM(L52:AX52)/2
,=+Inlet!D57,=(EXP($A$3*(F53-7))-1)/(EXP($A$3*(18-7))-1),=1/(F53-6)*C53,=1/(F53-6)*C53*B53,14, C14 ,,,,,=+E53,,=+E53*2,,,=+E53*2,,,,,=+E53*2,,,,=+E53*2,,,,,=+E53*2,,,,,=+E53*2,,,,,=+E53*2,,,,,=+E53,,,,,,,,,,,,,=(1-$C53)*$B53,,,,,,,,,,,,,,,,,,,,,,,,,,,,,,,,,,,,,,,,,=TRANSPOSE(H96:CU96), C14 ,,=SUM(L53:AX53)/2
,=+Inlet!D58,=(EXP($A$3*(F54-7))-1)/(EXP($A$3*(18-7))-1),=1/(F54-6)*C54,=1/(F54-6)*C54*B54,15,C15-IP ,,,,,=+E54,,,=+E54*2,,=+E54*2,,,,,=+E54*2,,,,=+E54*2,,,,,=+E54*2,,,,,=+E54*2,,,,,=+E54*2,,,,,=+E54*2,,,,,=+E54,,,,,,,,,=(1-$C54)*$B54,,,,,,,,,,,,,,,,,,,,,,,,,,,,,,,,,,,,,,,,=TRANSPOSE(H96:CU96),C15-IP ,,=SUM(L54:BC54)/2
,=+Inlet!D59,=(EXP($A$3*(F55-7))-1)/(EXP($A$3*(18-7))-1),=1/(F55-6)*C55,=1/(F55-6)*C55*B55,15,C15,,,,,=+E55,,=+E55*2,,,=+E55*2,,,,,=+E55*2,,,,=+E55*2,,,,,=+E55*2,,,,,=+E55*2,,,,,=+E55*2,,,,,=+E55*2,,,,,=+E55,,,,,,,,,,=(1-$C55)*$B55,,,,,,,,,,,,,,,,,,,,,,,,,,,,,,,,,,,,,,,=TRANSPOSE(H96:CU96),C15,,=SUM(L55:BE55)/2
,=+Inlet!D60,=(EXP($A$3*(F56-7))-1)/(EXP($A$3*(18-7))-1),=1/(F56-6)*C56,=1/(F56-6)*C56*B56,16,C16-IP,,,,,=+E56,,,=+E56*2,,=+E56*2,,,,,=+E56*2,,,,=+E56*2,,,,,=+E56*2,,,,,=+E56*2,,,,,=+E56*2,,,,,=+E56*2,,,,,=+E56*2,,,,,,=+E56,,,,,=(1-$C56)*$B56,,,,,,,,,,,,,,,,,,,,,,,,,,,,,,,,,,,,,,=TRANSPOSE(H96:CU96),C16-IP,,=SUM(L56:BF56)/2
,=+Inlet!D61,=(EXP($A$3*(F57-7))-1)/(EXP($A$3*(18-7))-1),=1/(F57-6)*C57,=1/(F57-6)*C57*B57,16,C16,,,,,=+E57,,=+E57*2,,,=+E57*2,,,,,=+E57*2,,,,=+E57*2,,,,,=+E57*2,,,,,=+E57*2,,,,,=+E57*2,,,,,=+E57*2,,,,,=+E57*2,,,,,,=+E57,,,,,,=(1-$C57)*$B57,,,,,,,,,,,,,,,,,,,,,,,,,,,,,,,,,,,,,=TRANSPOSE(H96:CU96),C16,,=SUM(L57:BF57)/2
,=+Inlet!D62,=(EXP($A$3*(F58-7))-1)/(EXP($A$3*(18-7))-1),=1/(F58-6)*C58,=1/(F58-6)*C58*B58,17,C17-IP,,,,,=+E58,,,=+E58*2,,=+E58*2,,,,,=+E58*2,,,,=+E58*2,,,,,=+E58*2,,,,,=+E58*2,,,,,=+E58*2,,,,,=+E58*2,,,,,=+E58*2,,,,,,=+E58*2,,=+E58,,,,,=(1-$C58)*$B58,,,,,,,,,,,,,,,,,,,,,,,,,,,,,,,,,,,,=TRANSPOSE(H96:CU96),C17-IP,,=SUM(L58:BK58)/2
,=+Inlet!D63,=(EXP($A$3*(F59-7))-1)/(EXP($A$3*(18-7))-1),=1/(F59-6)*C59,=1/(F59-6)*C59*B59,17,C17,,,,,=+E59,,=+E59*2,,,=+E59*2,,,,,=+E59*2,,,,=+E59*2,,,,,=+E59*2,,,,,=+E59*2,,,,,=+E59*2,,,,,=+E59*2,,,,,=+E59*2,,,,,,=+E59*2,,=+E59,,,,,,=(1-$C59)*$B59,,,,,,,,,,,,,,,,,,,,,,,,,,,,,,,,,,,=TRANSPOSE(H96:CU96),C17,,=SUM(L59:BL59)/2
,=+Inlet!D64,1,=1/(F60-6)*C60,=1/(F60-6)*C60*B60,18,C18,,,,,=+E60,,=+E60*2,,,=+E60*2,,,,,=+E60*2,,,,=+E60*2,,,,,=+E60*2,,,,,=+E60*2,,,,,=+E60*2,,,,,=+E60*2,,,,,=+E60*2,,,,,,=+E60*2,,=+E60*2,,=+E60,,,,,,,,,,,,,,,,,,,,,,,,,,,,,,,,,,,,,,,=TRANSPOSE(H96:CU96),C18,,=SUM(L60:BM60)/2
,=+Inlet!D65,1,=1/(F61-6)*C61,=1/(F61-6)*C61*B61,19,C19,,,,,=+E61,,=+E61*2,,,=+E61*2,,,,,=+E61*2,,,,=+E61*2,,,,,=+E61*2,,,,,=+E61*2,,,,,=+E61*2,,,,,=+E61*2,,,,,=+E61*2,,,,,,=+E61*2,,=+E61*2,,=+E61*2,,=+E61,,,,,,,,,,,,,,,,,,,,,,,,,,,,,,,,,,,,,=TRANSPOSE(H96:CU96),C19,,=SUM(L61:BM61)/2
,=+Inlet!D66,1,=1/(F62-6)*C62,=1/(F62-6)*C62*B62,20,C20,,,,,=+E62,,=+E62*2,,,=+E62*2,,,,,=+E62*2,,,,=+E62*2,,,,,=+E62*2,,,,,=+E62*2,,,,,=+E62*2,,,,,=+E62*2,,,,,=+E62*2,,,,,,=+E62*2,,=+E62*2,,=+E62*2,,=+E62*2,,=+E62,,,,,,,,,,,,,,,,,,,,,,,,,,,,,,,,,,,=TRANSPOSE(H96:CU96),C20,,=SUM(L62:CS62)/2
,=+Inlet!D67,1,=1/(F63-6)*C63,=1/(F63-6)*C63*B63,21,C21,,,,,=+E63,,=+E63*2,,,=+E63*2,,,,,=+E63*2,,,,=+E63*2,,,,,=+E63*2,,,,,=+E63*2,,,,,=+E63*2,,,,,=+E63*2,,,,,=+E63*2,,,,,,=+E63*2,,=+E63*2,,=+E63*2,,=+E63*2,,=+E63*2,=+E63,,,,,,,,,,,,,,,,,,,,,,,,,,,,,,,,,,=TRANSPOSE(H96:CU96),C21,,=SUM(L63:CS63)/2
,=+Inlet!D68,1,=1/(F64-6)*C64,=1/(F64-6)*C64*B64,22,C22,,,,,=+E64,,=+E64*2,,,=+E64*2,,,,,=+E64*2,,,,=+E64*2,,,,,=+E64*2,,,,,=+E64*2,,,,,=+E64*2,,,,,=+E64*2,,,,,=+E64*2,,,,,,=+E64*2,,=+E64*2,,=+E64*2,,=+E64*2,,=+E64*2,=+E64*2,=+E64,,,,,,,,,,,,,,,,,,,,,,,,,,,,,,,,,=TRANSPOSE(H96:CU96),C22,,=SUM(L64:CS64)/2
,=+Inlet!D69,1,=1/(F65-6)*C65,=1/(F65-6)*C65*B65,23,C23,,,,,=+E65,,=+E65*2,,,=+E65*2,,,,,=+E65*2,,,,=+E65*2,,,,,=+E65*2,,,,,=+E65*2,,,,,=+E65*2,,,,,=+E65*2,,,,,=+E65*2,,,,,,=+E65*2,,=+E65*2,,=+E65*2,,=+E65*2,,=+E65*2,=+E65*2,=+E65*2,=+E65,,,,,,,,,,,,,,,,,,,,,,,,,,,,,,,,=TRANSPOSE(H96:CU96),C23,,=SUM(L65:CS65)/2
,=+Inlet!D70,1,=1/(F66-6)*C66,=1/(F66-6)*C66*B66,24,C24,,,,,=+E66,,=+E66*2,,,=+E66*2,,,,,=+E66*2,,,,=+E66*2,,,,,=+E66*2,,,,,=+E66*2,,,,,=+E66*2,,,,,=+E66*2,,,,,=+E66*2,,,,,,=+E66*2,,=+E66*2,,=+E66*2,,=+E66*2,,=+E66*2,=+E66*2,=+E66*2,=+E66*2,=+E66,,,,,,,,,,,,,,,,,,,,,,,,,,,,,,,=TRANSPOSE(H96:CU96),C24,,=SUM(L66:CS66)/2
,=+Inlet!D71,1,=1/(F67-6)*C67,=1/(F67-6)*C67*B67,25,C25,,,,,=+E67,,=+E67*2,,,=+E67*2,,,,,=+E67*2,,,,=+E67*2,,,,,=+E67*2,,,,,=+E67*2,,,,,=+E67*2,,,,,=+E67*2,,,,,=+E67*2,,,,,,=+E67*2,,=+E67*2,,=+E67*2,,=+E67*2,,=+E67*2,=+E67*2,=+E67*2,=+E67*2,=+E67*2,=+E67,,,,,,,,,,,,,,,,,,,,,,,,,,,,,,=TRANSPOSE(H96:CU96),C25,,=SUM(L67:CS67)/2
,=+Inlet!D72,1,=1/(F68-6)*C68,=1/(F68-6)*C68*B68,26,C26,,,,,=+E68,,=+E68*2,,,=+E68*2,,,,,=+E68*2,,,,=+E68*2,,,,,=+E68*2,,,,,=+E68*2,,,,,=+E68*2,,,,,=+E68*2,,,,,=+E68*2,,,,,,=+E68*2,,=+E68*2,,=+E68*2,,=+E68*2,,=+E68*2,=+E68*2,=+E68*2,=+E68*2,=+E68*2,=+E68*2,=+E68,,,,,,,,,,,,,,,,,,,,,,,,,,,,,=TRANSPOSE(H96:CU96),C26,,=SUM(L68:CS68)/2
,=+Inlet!D73,1,=1/(F69-6)*C69,=1/(F69-6)*C69*B69,27,C27,,,,,=+E69,,=+E69*2,,,=+E69*2,,,,,=+E69*2,,,,=+E69*2,,,,,=+E69*2,,,,,=+E69*2,,,,,=+E69*2,,,,,=+E69*2,,,,,=+E69*2,,,,,,=+E69*2,,=+E69*2,,=+E69*2,,=+E69*2,,=+E69*2,=+E69*2,=+E69*2,=+E69*2,=+E69*2,=+E69*2,=+E69*2,=+E69,,,,,,,,,,,,,,,,,,,,,,,,,,,,=TRANSPOSE(H96:CU96),C27,,=SUM(L69:CS69)/2
,=+Inlet!D74,1,=1/(F70-6)*C70,=1/(F70-6)*C70*B70,28,C28,,,,,=+E70,,=+E70*2,,,=+E70*2,,,,,=+E70*2,,,,=+E70*2,,,,,=+E70*2,,,,,=+E70*2,,,,,=+E70*2,,,,,=+E70*2,,,,,=+E70*2,,,,,,=+E70*2,,=+E70*2,,=+E70*2,,=+E70*2,,=+E70*2,=+E70*2,=+E70*2,=+E70*2,=+E70*2,=+E70*2,=+E70*2,=+E70*2,=+E70,,,,,,,,,,,,,,,,,,,,,,,,,,,=TRANSPOSE(H96:CU96),C28,,=SUM(L70:CS70)/2
,=+Inlet!D75,1,=1/(F71-6)*C71,=1/(F71-6)*C71*B71,29,C29,,,,,=+E71,,=+E71*2,,,=+E71*2,,,,,=+E71*2,,,,=+E71*2,,,,,=+E71*2,,,,,=+E71*2,,,,,=+E71*2,,,,,=+E71*2,,,,,=+E71*2,,,,,,=+E71*2,,=+E71*2,,=+E71*2,,=+E71*2,,=+E71*2,=+E71*2,=+E71*2,=+E71*2,=+E71*2,=+E71*2,=+E71*2,=+E71*2,=+E71,=+BU71/2,,,,,,,,,,,,,,,,,,,,,,,,,,=TRANSPOSE(H96:CU96),C29,,=SUM(L71:CS71)/2
,=+Inlet!D76,1,=1/(F72-6)*C72,=1/(F72-6)*C72*B72,30,C30,,,,,=+E72,,=+E72*2,,,=+E72*2,,,,,=+E72*2,,,,=+E72*2,,,,,=+E72*2,,,,,=+E72*2,,,,,=+E72*2,,,,,=+E72*2,,,,,=+E72*2,,,,,,=+E72*2,,=+E72*2,,=+E72*2,,=+E72*2,,=+E72*2,=+E72*2,=+E72*2,=+E72*2,=+E72*2,=+E72*2,=+E72*2,=+E72*2,=+E72,=+BU72,=+BV72/2,,,,,,,,,,,,,,,,,,,,,,,,,=TRANSPOSE(H96:CU96),C30,,=SUM(L72:CS72)/2
,=+Inlet!D77,1,=1/(F73-6)*C73,=1/(F73-6)*C73*B73,31,C31,,,,,=+E73,,=+E73*2,,,=+E73*2,,,,,=+E73*2,,,,=+E73*2,,,,,=+E73*2,,,,,=+E73*2,,,,,=+E73*2,,,,,=+E73*2,,,,,=+E73*2,,,,,,=+E73*2,,=+E73*2,,=+E73*2,,=+E73*2,,=+E73*2,=+E73*2,=+E73*2,=+E73*2,=+E73*2,=+E73*2,=+E73*2,=+E73*2,=+E73,=+BU73,=+BV73,=+BW73/2,,,,,,,,,,,,,,,,,,,,,,,,=TRANSPOSE(H96:CU96),C31,,=SUM(L73:CS73)/2
,=+Inlet!D78,1,=1/(F74-6)*C74,=1/(F74-6)*C74*B74,32,C32,,,,,=+E74,,=+E74*2,,,=+E74*2,,,,,=+E74*2,,,,=+E74*2,,,,,=+E74*2,,,,,=+E74*2,,,,,=+E74*2,,,,,=+E74*2,,,,,=+E74*2,,,,,,=+E74*2,,=+E74*2,,=+E74*2,,=+E74*2,,=+E74*2,=+E74*2,=+E74*2,=+E74*2,=+E74*2,=+E74*2,=+E74*2,=+E74*2,=+E74,=+BU74,=+BV74,=+BW74,=+BX74/2,,,,,,,,,,,,,,,,,,,,,,,=TRANSPOSE(H96:CU96),C32,,=SUM(L74:CS74)/2
,=+Inlet!D79,1,=1/(F75-6)*C75,=1/(F75-6)*C75*B75,33,C33,,,,,=+E75,,=+E75*2,,,=+E75*2,,,,,=+E75*2,,,,=+E75*2,,,,,=+E75*2,,,,,=+E75*2,,,,,=+E75*2,,,,,=+E75*2,,,,,=+E75*2,,,,,,=+E75*2,,=+E75*2,,=+E75*2,,=+E75*2,,=+E75*2,=+E75*2,=+E75*2,=+E75*2,=+E75*2,=+E75*2,=+E75*2,=+E75*2,=+E75,=+BU75,=+BV75,=+BW75,=+BX75,=+BY75/2,,,,,,,,,,,,,,,,,,,,,,=TRANSPOSE(H96:CU96),C33,,=SUM(L75:CS75)/2
,=+Inlet!D80,1,=1/(F76-6)*C76,=1/(F76-6)*C76*B76,34,C34,,,,,=+E76,,=+E76*2,,,=+E76*2,,,,,=+E76*2,,,,=+E76*2,,,,,=+E76*2,,,,,=+E76*2,,,,,=+E76*2,,,,,=+E76*2,,,,,=+E76*2,,,,,,=+E76*2,,=+E76*2,,=+E76*2,,=+E76*2,,=+E76*2,=+E76*2,=+E76*2,=+E76*2,=+E76*2,=+E76*2,=+E76*2,=+E76*2,=+E76,=+BU76,=+BV76,=+BW76,=+BX76,=+BY76,=+BZ76/2,,,,,,,,,,,,,,,,,,,,,=TRANSPOSE(H96:CU96),C34,,=SUM(L76:CS76)/2
,=+Inlet!D81,1,=1/(F77-6)*C77,=1/(F77-6)*C77*B77,35,C35,,,,,=+E77,,=+E77*2,,,=+E77*2,,,,,=+E77*2,,,,=+E77*2,,,,,=+E77*2,,,,,=+E77*2,,,,,=+E77*2,,,,,=+E77*2,,,,,=+E77*2,,,,,,=+E77*2,,=+E77*2,,=+E77*2,,=+E77*2,,=+E77*2,=+E77*2,=+E77*2,=+E77*2,=+E77*2,=+E77*2,=+E77*2,=+E77*2,=+E77,=+BU77,=+BV77,=+BW77,=+BX77,=+BY77,=+BZ77,=+CA77/2,,,,,,,,,,,,,,,,,,,,=TRANSPOSE(H96:CU96),C35,,=SUM(L77:CS77)/2
,=+Inlet!D82,1,=1/(F78-6)*C78,=1/(F78-6)*C78*B78,36,C36,,,,,=+E78,,=+E78*2,,,=+E78*2,,,,,=+E78*2,,,,=+E78*2,,,,,=+E78*2,,,,,=+E78*2,,,,,=+E78*2,,,,,=+E78*2,,,,,=+E78*2,,,,,,=+E78*2,,=+E78*2,,=+E78*2,,=+E78*2,,=+E78*2,=+E78*2,=+E78*2,=+E78*2,=+E78*2,=+E78*2,=+E78*2,=+E78*2,=+E78,=+BU78,=+BV78,=+BW78,=+BX78,=+BY78,=+BZ78,=+CA78,=+CB78/2,,,,,,,,,,,,,,,,,,,=TRANSPOSE(H96:CU96),C36,,=SUM(L78:CS78)/2
,=+Inlet!D83,1,=1/(F79-6)*C79,=1/(F79-6)*C79*B79,37,C37,,,,,=+E79,,=+E79*2,,,=+E79*2,,,,,=+E79*2,,,,=+E79*2,,,,,=+E79*2,,,,,=+E79*2,,,,,=+E79*2,,,,,=+E79*2,,,,,=+E79*2,,,,,,=+E79*2,,=+E79*2,,=+E79*2,,=+E79*2,,=+E79*2,=+E79*2,=+E79*2,=+E79*2,=+E79*2,=+E79*2,=+E79*2,=+E79*2,=+E79,=+BU79,=+BV79,=+BW79,=+BX79,=+BY79,=+BZ79,=+CA79,=+CB79,=+CC79/2,,,,,,,,,,,,,,,,,,=TRANSPOSE(H96:CU96),C37,,=SUM(L79:CS79)/2
,=+Inlet!D84,1,=1/(F80-6)*C80,=1/(F80-6)*C80*B80,38,C38,,,,,=+E80,,=+E80*2,,,=+E80*2,,,,,=+E80*2,,,,=+E80*2,,,,,=+E80*2,,,,,=+E80*2,,,,,=+E80*2,,,,,=+E80*2,,,,,=+E80*2,,,,,,=+E80*2,,=+E80*2,,=+E80*2,,=+E80*2,,=+E80*2,=+E80*2,=+E80*2,=+E80*2,=+E80*2,=+E80*2,=+E80*2,=+E80*2,=+E80,=+BU80,=+BV80,=+BW80,=+BX80,=+BY80,=+BZ80,=+CA80,=+CB80,=+CC80,=+CD80/2,,,,,,,,,,,,,,,,,=TRANSPOSE(H96:CU96),C38,,=SUM(L80:CS80)/2
,=+Inlet!D85,1,=1/(F81-6)*C81,=1/(F81-6)*C81*B81,39,C39,,,,,=+E81,,=+E81*2,,,=+E81*2,,,,,=+E81*2,,,,=+E81*2,,,,,=+E81*2,,,,,=+E81*2,,,,,=+E81*2,,,,,=+E81*2,,,,,=+E81*2,,,,,,=+E81*2,,=+E81*2,,=+E81*2,,=+E81*2,,=+E81*2,=+E81*2,=+E81*2,=+E81*2,=+E81*2,=+E81*2,=+E81*2,=+E81*2,=+E81,=+BU81,=+BV81,=+BW81,=+BX81,=+BY81,=+BZ81,=+CA81,=+CB81,=+CC81,=+CD81,=+CE81/2,,,,,,,,,,,,,,,,=TRANSPOSE(H96:CU96),C39,,=SUM(L81:CS81)/2
,=+Inlet!D86,1,=1/(F82-6)*C82,=1/(F82-6)*C82*B82,40,C40,,,,,=+E82,,=+E82*2,,,=+E82*2,,,,,=+E82*2,,,,=+E82*2,,,,,=+E82*2,,,,,=+E82*2,,,,,=+E82*2,,,,,=+E82*2,,,,,=+E82*2,,,,,,=+E82*2,,=+E82*2,,=+E82*2,,=+E82*2,,=+E82*2,=+E82*2,=+E82*2,=+E82*2,=+E82*2,=+E82*2,=+E82*2,=+E82*2,=+E82,=+BU82,=+BV82,=+BW82,=+BX82,=+BY82,=+BZ82,=+CA82,=+CB82,=+CC82,=+CD82,=+CE82,=+CF82/2,,,,,,,,,,,,,,,=TRANSPOSE(H96:CU96),C40,,=SUM(L82:CS82)/2
,=+Inlet!D87,1,=1/(F83-6)*C83,=1/(F83-6)*C83*B83,41,C41,,,,,=+E83,,=+E83*2,,,=+E83*2,,,,,=+E83*2,,,,=+E83*2,,,,,=+E83*2,,,,,=+E83*2,,,,,=+E83*2,,,,,=+E83*2,,,,,=+E83*2,,,,,,=+E83*2,,=+E83*2,,=+E83*2,,=+E83*2,,=+E83*2,=+E83*2,=+E83*2,=+E83*2,=+E83*2,=+E83*2,=+E83*2,=+E83*2,=+E83,=+BU83,=+BV83,=+BW83,=+BX83,=+BY83,=+BZ83,=+CA83,=+CB83,=+CC83,=+CD83,=+CE83,=+CF83,=+CG83/2,,,,,,,,,,,,,,=TRANSPOSE(H96:CU96),C41,,=SUM(L83:CS83)/2
,=+Inlet!D88,1,=1/(F84-6)*C84,=1/(F84-6)*C84*B84,42,C42,,,,,=+E84,,=+E84*2,,,=+E84*2,,,,,=+E84*2,,,,=+E84*2,,,,,=+E84*2,,,,,=+E84*2,,,,,=+E84*2,,,,,=+E84*2,,,,,=+E84*2,,,,,,=+E84*2,,=+E84*2,,=+E84*2,,=+E84*2,,=+E84*2,=+E84*2,=+E84*2,=+E84*2,=+E84*2,=+E84*2,=+E84*2,=+E84*2,=+E84,=+BU84,=+BV84,=+BW84,=+BX84,=+BY84,=+BZ84,=+CA84,=+CB84,=+CC84,=+CD84,=+CE84,=+CF84,=+CG84,=+CH84/2,,,,,,,,,,,,,=TRANSPOSE(H96:CU96),C42,,=SUM(L84:CS84)/2
,=+Inlet!D89,1,=1/(F85-6)*C85,=1/(F85-6)*C85*B85,43,C43,,,,,=+E85,,=+E85*2,,,=+E85*2,,,,,=+E85*2,,,,=+E85*2,,,,,=+E85*2,,,,,=+E85*2,,,,,=+E85*2,,,,,=+E85*2,,,,,=+E85*2,,,,,,=+E85*2,,=+E85*2,,=+E85*2,,=+E85*2,,=+E85*2,=+E85*2,=+E85*2,=+E85*2,=+E85*2,=+E85*2,=+E85*2,=+E85*2,=+E85,=+BU85,=+BV85,=+BW85,=+BX85,=+BY85,=+BZ85,=+CA85,=+CB85,=+CC85,=+CD85,=+CE85,=+CF85,=+CG85,=+CH85,=+CI85/2,,,,,,,,,,,,=TRANSPOSE(H96:CU96),C43,,=SUM(L85:CS85)/2
,=+Inlet!D90,1,=1/(F86-6)*C86,=1/(F86-6)*C86*B86,44,C44,,,,,=+E86,,=+E86*2,,,=+E86*2,,,,,=+E86*2,,,,=+E86*2,,,,,=+E86*2,,,,,=+E86*2,,,,,=+E86*2,,,,,=+E86*2,,,,,=+E86*2,,,,,,=+E86*2,,=+E86*2,,=+E86*2,,=+E86*2,,=+E86*2,=+E86*2,=+E86*2,=+E86*2,=+E86*2,=+E86*2,=+E86*2,=+E86*2,=+E86,=+BU86,=+BV86,=+BW86,=+BX86,=+BY86,=+BZ86,=+CA86,=+CB86,=+CC86,=+CD86,=+CE86,=+CF86,=+CG86,=+CH86,=+CI86,=+CJ86/2,,,,,,,,,,,=TRANSPOSE(H96:CU96),C44,,=SUM(L86:CS86)/2
,=+Inlet!D91,1,=1/(F87-6)*C87,=1/(F87-6)*C87*B87,45,C45,,,,,=+E87,,=+E87*2,,,=+E87*2,,,,,=+E87*2,,,,=+E87*2,,,,,=+E87*2,,,,,=+E87*2,,,,,=+E87*2,,,,,=+E87*2,,,,,=+E87*2,,,,,,=+E87*2,,=+E87*2,,=+E87*2,,=+E87*2,,=+E87*2,=+E87*2,=+E87*2,=+E87*2,=+E87*2,=+E87*2,=+E87*2,=+E87*2,=+E87,=+BU87,=+BV87,=+BW87,=+BX87,=+BY87,=+BZ87,=+CA87,=+CB87,=+CC87,=+CD87,=+CE87,=+CF87,=+CG87,=+CH87,=+CI87,=+CJ87,=+CK87/2,,,,,,,,,,=TRANSPOSE(H96:CU96),C45,,=SUM(L87:CS87)/2
,=+Inlet!D92,1,=1/(F88-6)*C88,=1/(F88-6)*C88*B88,46,C46,,,,,=+E88,,=+E88*2,,,=+E88*2,,,,,=+E88*2,,,,=+E88*2,,,,,=+E88*2,,,,,=+E88*2,,,,,=+E88*2,,,,,=+E88*2,,,,,=+E88*2,,,,,,=+E88*2,,=+E88*2,,=+E88*2,,=+E88*2,,=+E88*2,=+E88*2,=+E88*2,=+E88*2,=+E88*2,=+E88*2,=+E88*2,=+E88*2,=+E88,=+BU88,=+BV88,=+BW88,=+BX88,=+BY88,=+BZ88,=+CA88,=+CB88,=+CC88,=+CD88,=+CE88,=+CF88,=+CG88,=+CH88,=+CI88,=+CJ88,=+CK88,=+CL88,,,,,,,,,=TRANSPOSE(H96:CU96),C46,,=SUM(L88:CS88)/2
,=+Inlet!D93,1,=1/(F89-6)*C89,=1/(F89-6)*C89*B89,48,C48,,,,,=+E89,,=+E89*2,,,=+E89*2,,,,,=+E89*2,,,,=+E89*2,,,,,=+E89*2,,,,,=+E89*2,,,,,=+E89*2,,,,,=+E89*2,,,,,=+E89*2,,,,,,=+E89*2,,=+E89*2,,=+E89*2,,=+E89*2,,=+E89*2,=+E89*2,=+E89*2,=+E89*2,=+E89*2,=+E89*2,=+E89*2,=+E89*2,=+E89,=+BU89,=+BV89,=+BW89,=+BX89,=+BY89,=+BZ89,=+CA89,=+CB89,=+CC89,=+CD89,=+CE89,=+CF89,=+CG89,=+CH89,=+CI89,=+CJ89,=+CK89,=+CL89,=+CM89,=+CN89,,,,,,,=TRANSPOSE(H96:CU96),C48,,=SUM(L89:CS89)/2
,=+Inlet!D94,1,=1/(F90-6)*C90,=1/(F90-6)*C90*B90,50,C50,,,,,=+E90,,=+E90*2,,,=+E90*2,,,,,=+E90*2,,,,=+E90*2,,,,,=+E90*2,,,,,=+E90*2,,,,,=+E90*2,,,,,=+E90*2,,,,,=+E90*2,,,,,,=+E90*2,,=+E90*2,,=+E90*2,,=+E90*2,,=+E90*2,=+E90*2,=+E90*2,=+E90*2,=+E90*2,=+E90*2,=+E90*2,=+E90*2,=+E90,=+BU90,=+BV90,=+BW90,=+BX90,=+BY90,=+BZ90,=+CA90,=+CB90,=+CC90,=+CD90,=+CE90,=+CF90,=+CG90,=+CH90,=+CI90,=+CJ90,=+CK90,=+CL90,=+CM90,=+CN90,=+CO90,=+CO90,,,,,=TRANSPOSE(H96:CU96),C50,,=SUM(L90:CS90)/2
,=+Inlet!D95,1,=1/(F91-6)*C91,=1/(F91-6)*C91*B91,51,C51,,,,,=+E91,,=+E91*2,,,=+E91*2,,,,,=+E91*2,,,,=+E91*2,,,,,=+E91*2,,,,,=+E91*2,,,,,=+E91*2,,,,,=+E91*2,,,,,=+E91*2,,,,,,=+E91*2,,=+E91*2,,=+E91*2,,=+E91*2,,=+E91*2,=+E91*2,=+E91*2,=+E91*2,=+E91*2,=+E91*2,=+E91*2,=+E91*2,=+E91,=+BU91,=+BV91,=+BW91,=+BX91,=+BY91,=+BZ91,=+CA91,=+CB91,=+CC91,=+CD91,=+CE91,=+CF91,=+CG91,=+CH91,=+CI91,=+CJ91,=+CK91,=+CL91,=+CM91,=+CN91,=+CO91*2,=+CO91,,,,,=TRANSPOSE(H96:CU96),C51,,=SUM(L91:CS91)/2
,=+Inlet!D96,1,=1/(F92-6)*C92,=1/(F92-6)*C92*B92,52,C52,,,,,=+E92,,=+E92*2,,,=+E92*2,,,,,=+E92*2,,,,=+E92*2,,,,,=+E92*2,,,,,=+E92*2,,,,,=+E92*2,,,,,=+E92*2,,,,,=+E92*2,,,,,,=+E92*2,,=+E92*2,,=+E92*2,,=+E92*2,,=+E92*2,=+E92*2,=+E92*2,=+E92*2,=+E92*2,=+E92*2,=+E92*2,=+E92*2,=+E92,=+BU92,=+BV92,=+BW92,=+BX92,=+BY92,=+BZ92,=+CA92,=+CB92,=+CC92,=+CD92,=+CE92,=+CF92,=+CG92,=+CH92,=+CI92,=+CJ92,=+CK92,=+CL92,=+CM92,=+CN92,=+CO92,=+CP92*2,=+CP92,,,,=TRANSPOSE(H96:CU96),C52,,=SUM(L92:CS92)/2
,=+Inlet!D97,1,=1/(F93-6)*C93,=1/(F93-6)*C93*B93,54,C54,,,,,=+E93,,=+E93*2,,,=+E93*2,,,,,=+E93*2,,,,=+E93*2,,,,,=+E93*2,,,,,=+E93*2,,,,,=+E93*2,,,,,=+E93*2,,,,,=+E93*2,,,,,,=+E93*2,,=+E93*2,,=+E93*2,,=+E93*2,,=+E93*2,=+E93*2,=+E93*2,=+E93*2,=+E93*2,=+E93*2,=+E93*2,=+E93*2,=+E93,=+BU93,=+BV93,=+BW93,=+BX93,=+BY93,=+BZ93,=+CA93,=+CB93,=+CC93,=+CD93,=+CE93,=+CF93,=+CG93,=+CH93,=+CI93,=+CJ93,=+CK93,=+CL93,=+CM93,=+CN93,=+CO93,=+CP93*2,=+CP93*2,=+CP93,,,=TRANSPOSE(H96:CU96),C54,,=SUM(L93:CS93)/2
,,,=1/(F94-6)*C94,,,,CH4,MEOH,C2,C2-O,C3,C3-O,C4,C4-IP,C4-O,C5,C5-IP,C5-O,C5-N,C6-IP,C6,C6-O,C6-A,C6-N,C7,C7-IP,C7-O,C7-A,C7-N,C8,C8-IP,C8-O,C8-N,C8-A,C9,C9-IP,C9-O,C9-N,C9-A,C10,C10-IP,C10-O,C10-N,C10-A,C11,C11-IP,C11-A,C11-0,C12-IP,C12,C12-O,C12-A,C12-N,C13-IP,C13-O,C13,C14-IP, C14 ,C15-IP ,C15,C16-IP,C16,C17-IP,C17,C18,C19,C20,C21,C22,C23,C24,C25,C26,C27,C28,C29,C30,C31,C32,C33,C34,C35,C36,C37,C38,C39,C40,C41,C42,C43,C44,C45,C46,C48,C50,C51,C52,C54,,,,
,,,,,,n,1,1,2,2,3,3,4,4,4,5,5,5,5,6,6,6,6,6,7,7,7,7,7,8,8,8,8,8,9,9,9,9,9,10,10,10,10,10,11,11,11,11,12,12,12,12,12,13,13,13,14,14,15,15,16,16,17,17,18,19,20,21,22,23,24,25,26,27,28,29,30,31,32,33,34,35,36,37,38,39,40,41,42,43,44,45,46,48,50,51,52,54,,n,,
,,,,,,sum,=SUM(H2:H93),=SUM(I2:I93),=SUM(J2:J93),=SUM(K2:K93),=SUM(L2:L93),=SUM(M2:M93),=SUM(N2:N93),=SUM(O2:O93),=SUM(P2:P93),=SUM(Q2:Q93),=SUM(R2:R93),=SUM(S2:S93),=SUM(T2:T93),=SUM(U2:U93),=SUM(V2:V93),=SUM(W2:W93),=SUM(X2:X93),=SUM(Y2:Y93),=SUM(Z2:Z93),=SUM(AA2:AA93),=SUM(AB2:AB93),=SUM(AC2:AC93),=SUM(AD2:AD93),=SUM(AE2:AE93),=SUM(AF2:AF93),=SUM(AG2:AG93),=SUM(AH2:AH93),=SUM(AI2:AI93),=SUM(AJ2:AJ93),=SUM(AK2:AK93),=SUM(AL2:AL93),=SUM(AM2:AM93),=SUM(AN2:AN93),=SUM(AO2:AO93),=SUM(AP2:AP93),=SUM(AQ2:AQ93),=SUM(AR2:AR93),=SUM(AS2:AS93),=SUM(AT2:AT93),=SUM(AU2:AU93),=SUM(AV2:AV93),=SUM(AW2:AW93),=SUM(AX2:AX93),=SUM(AY2:AY93),=SUM(AZ2:AZ93),=SUM(BA2:BA93),=SUM(BB2:BB93),=SUM(BC2:BC93),=SUM(BD2:BD93),=SUM(BE2:BE93),=SUM(BF2:BF93),=SUM(BG2:BG93),=SUM(BH2:BH93),=SUM(BI2:BI93),=SUM(BJ2:BJ93),=SUM(BK2:BK93),=SUM(BL2:BL93),=SUM(BM2:BM93),=SUM(BN2:BN93),=SUM(BO2:BO93),=SUM(BP2:BP93),=SUM(BQ2:BQ93),=SUM(BR2:BR93),=SUM(BS2:BS93),=SUM(BT2:BT93),=SUM(BU2:BU93),=SUM(BV2:BV93),=SUM(BW2:BW93),=SUM(BX2:BX93),=SUM(BY2:BY93),=SUM(BZ2:BZ93),=SUM(CA2:CA93),=SUM(CB2:CB93),=SUM(CC2:CC93),=SUM(CD2:CD93),=SUM(CE2:CE93),=SUM(CF2:CF93),=SUM(CG2:CG93),=SUM(CH2:CH93),=SUM(CI2:CI93),=SUM(CJ2:CJ93),=SUM(CK2:CK93),=SUM(CL2:CL93),=SUM(CM2:CM93),=SUM(CN2:CN93),=SUM(CO2:CO93),=SUM(CP2:CP93),=SUM(CQ2:CQ93),=SUM(CR2:CR93),=SUM(CS2:CS93),=SUM(CT2:CT93),=SUM(CU2:CU93),,sum,,=+SUM(CY2:CY93)
